{"cameraMode":{"drawMode":0,"name":"Shaded","section":"Shading Mode"},"sceneLighting":true,"audioPlay":false,"sceneViewState":{"m_AlwaysRefresh":false,"showFog":true,"showSkybox":true,"showFlares":true,"showImageEffects":true,"showParticleSystems":true,"showVisualEffectGraphs":true,"m_FxEnabled":true},"in2DMode":false,"pivot":{"x":4.270971298217773,"y":1.6046321392059327,"z":3.59397029876709},"rotation":{"x":0.27827516198158266,"y":0.0072028739377856258,"z":-0.0020882468670606615,"w":0.9604998230934143},"size":5.171972274780273,"orthographic":false}