{"cameraMode":{"drawMode":0,"name":"Shaded","section":"Shading Mode"},"sceneLighting":true,"audioPlay":false,"sceneViewState":{"m_AlwaysRefresh":false,"showFog":true,"showSkybox":true,"showFlares":true,"showImageEffects":true,"showParticleSystems":true,"showVisualEffectGraphs":true,"m_FxEnabled":true},"in2DMode":false,"pivot":{"x":2.9170963764190676,"y":4.966402530670166,"z":4.218663692474365},"rotation":{"x":-0.01799974963068962,"y":-0.011998696252703667,"z":-0.00021723215468227863,"w":0.9997913241386414},"size":8.11345386505127,"orthographic":false}